{"trial_id": "0024", "hyperparameters": {"space": [{"class_name": "Int", "config": {"name": "units_l1", "default": null, "conditions": [], "min_value": 16, "max_value": 512, "step": 16, "sampling": null}}, {"class_name": "Boolean", "config": {"name": "bias_l1", "default": false, "conditions": []}}, {"class_name": "Choice", "config": {"name": "act_l1", "default": "relu", "conditions": [], "values": ["relu", "tanh"], "ordered": false}}, {"class_name": "Int", "config": {"name": "units_l2", "default": null, "conditions": [], "min_value": 16, "max_value": 512, "step": 16, "sampling": null}}, {"class_name": "Boolean", "config": {"name": "bias_l2", "default": false, "conditions": []}}, {"class_name": "Choice", "config": {"name": "act_l2", "default": "relu", "conditions": [], "values": ["relu", "tanh"], "ordered": false}}, {"class_name": "Int", "config": {"name": "units_l3", "default": null, "conditions": [], "min_value": 16, "max_value": 512, "step": 16, "sampling": null}}, {"class_name": "Boolean", "config": {"name": "bias_l3", "default": false, "conditions": []}}, {"class_name": "Choice", "config": {"name": "act_l3", "default": "relu", "conditions": [], "values": ["relu", "tanh"], "ordered": false}}, {"class_name": "Choice", "config": {"name": "optimizer", "default": "sgd", "conditions": [], "values": ["sgd", "rmsprop", "adam"], "ordered": false}}], "values": {"units_l1": 432, "bias_l1": false, "act_l1": "tanh", "units_l2": 96, "bias_l2": true, "act_l2": "relu", "units_l3": 256, "bias_l3": false, "act_l3": "tanh", "optimizer": "rmsprop", "tuner/epochs": 10, "tuner/initial_epoch": 4, "tuner/bracket": 1, "tuner/round": 1, "tuner/trial_id": "0020"}}, "metrics": {"metrics": {"loss": {"direction": "min", "observations": [{"value": [7.224262714385986], "step": 4}]}, "mean_squared_error": {"direction": "min", "observations": [{"value": [7.224262714385986], "step": 4}]}, "val_loss": {"direction": "min", "observations": [{"value": [7.650753021240234], "step": 4}]}, "val_mean_squared_error": {"direction": "min", "observations": [{"value": [7.650753021240234], "step": 4}]}}}, "score": 7.650753021240234, "best_step": 4, "status": "COMPLETED"}