{"trial_id": "0018", "hyperparameters": {"space": [{"class_name": "Int", "config": {"name": "units_l1", "default": null, "conditions": [], "min_value": 16, "max_value": 512, "step": 16, "sampling": null}}, {"class_name": "Boolean", "config": {"name": "bias_l1", "default": false, "conditions": []}}, {"class_name": "Choice", "config": {"name": "act_l1", "default": "relu", "conditions": [], "values": ["relu", "tanh"], "ordered": false}}, {"class_name": "Int", "config": {"name": "units_l2", "default": null, "conditions": [], "min_value": 16, "max_value": 512, "step": 16, "sampling": null}}, {"class_name": "Boolean", "config": {"name": "bias_l2", "default": false, "conditions": []}}, {"class_name": "Choice", "config": {"name": "act_l2", "default": "relu", "conditions": [], "values": ["relu", "tanh"], "ordered": false}}, {"class_name": "Int", "config": {"name": "units_l3", "default": null, "conditions": [], "min_value": 16, "max_value": 512, "step": 16, "sampling": null}}, {"class_name": "Boolean", "config": {"name": "bias_l3", "default": false, "conditions": []}}, {"class_name": "Choice", "config": {"name": "act_l3", "default": "relu", "conditions": [], "values": ["relu", "tanh"], "ordered": false}}, {"class_name": "Choice", "config": {"name": "optimizer", "default": "sgd", "conditions": [], "values": ["sgd", "rmsprop", "adam"], "ordered": false}}], "values": {"units_l1": 480, "bias_l1": true, "act_l1": "tanh", "units_l2": 112, "bias_l2": false, "act_l2": "tanh", "units_l3": 224, "bias_l3": true, "act_l3": "tanh", "optimizer": "adam", "tuner/epochs": 4, "tuner/initial_epoch": 0, "tuner/bracket": 1, "tuner/round": 0}}, "metrics": {"metrics": {"loss": {"direction": "min", "observations": [{"value": [7.2329325675964355], "step": 3}]}, "mean_squared_error": {"direction": "min", "observations": [{"value": [7.2329325675964355], "step": 3}]}, "val_loss": {"direction": "min", "observations": [{"value": [7.690282344818115], "step": 3}]}, "val_mean_squared_error": {"direction": "min", "observations": [{"value": [7.690282344818115], "step": 3}]}}}, "score": 7.690282344818115, "best_step": 3, "status": "COMPLETED"}