{"trial_id": "0014", "hyperparameters": {"space": [{"class_name": "Int", "config": {"name": "units_l1", "default": null, "conditions": [], "min_value": 16, "max_value": 512, "step": 16, "sampling": null}}, {"class_name": "Boolean", "config": {"name": "bias_l1", "default": false, "conditions": []}}, {"class_name": "Choice", "config": {"name": "act_l1", "default": "relu", "conditions": [], "values": ["relu", "tanh"], "ordered": false}}, {"class_name": "Int", "config": {"name": "units_l2", "default": null, "conditions": [], "min_value": 16, "max_value": 512, "step": 16, "sampling": null}}, {"class_name": "Boolean", "config": {"name": "bias_l2", "default": false, "conditions": []}}, {"class_name": "Choice", "config": {"name": "act_l2", "default": "relu", "conditions": [], "values": ["relu", "tanh"], "ordered": false}}, {"class_name": "Int", "config": {"name": "units_l3", "default": null, "conditions": [], "min_value": 16, "max_value": 512, "step": 16, "sampling": null}}, {"class_name": "Boolean", "config": {"name": "bias_l3", "default": false, "conditions": []}}, {"class_name": "Choice", "config": {"name": "act_l3", "default": "relu", "conditions": [], "values": ["relu", "tanh"], "ordered": false}}, {"class_name": "Choice", "config": {"name": "optimizer", "default": "sgd", "conditions": [], "values": ["sgd", "rmsprop", "adam"], "ordered": false}}], "values": {"units_l1": 176, "bias_l1": true, "act_l1": "tanh", "units_l2": 32, "bias_l2": true, "act_l2": "tanh", "units_l3": 304, "bias_l3": true, "act_l3": "relu", "optimizer": "sgd", "tuner/epochs": 4, "tuner/initial_epoch": 2, "tuner/bracket": 2, "tuner/round": 1, "tuner/trial_id": "0001"}}, "metrics": {"metrics": {"loss": {"direction": "min", "observations": [{"value": [8.096317291259766], "step": 1}]}, "mean_squared_error": {"direction": "min", "observations": [{"value": [8.096317291259766], "step": 1}]}, "val_loss": {"direction": "min", "observations": [{"value": [8.034652709960938], "step": 1}]}, "val_mean_squared_error": {"direction": "min", "observations": [{"value": [8.034652709960938], "step": 1}]}}}, "score": 8.034652709960938, "best_step": 1, "status": "COMPLETED"}