{"ongoing_trials": {}, "hyperparameters": {"space": [{"class_name": "Int", "config": {"name": "units_l1", "default": null, "conditions": [], "min_value": 16, "max_value": 512, "step": 16, "sampling": null}}, {"class_name": "Boolean", "config": {"name": "bias_l1", "default": false, "conditions": []}}, {"class_name": "Choice", "config": {"name": "act_l1", "default": "relu", "conditions": [], "values": ["relu", "tanh"], "ordered": false}}, {"class_name": "Int", "config": {"name": "units_l2", "default": null, "conditions": [], "min_value": 16, "max_value": 512, "step": 16, "sampling": null}}, {"class_name": "Boolean", "config": {"name": "bias_l2", "default": false, "conditions": []}}, {"class_name": "Choice", "config": {"name": "act_l2", "default": "relu", "conditions": [], "values": ["relu", "tanh"], "ordered": false}}, {"class_name": "Int", "config": {"name": "units_l3", "default": null, "conditions": [], "min_value": 16, "max_value": 512, "step": 16, "sampling": null}}, {"class_name": "Boolean", "config": {"name": "bias_l3", "default": false, "conditions": []}}, {"class_name": "Choice", "config": {"name": "act_l3", "default": "relu", "conditions": [], "values": ["relu", "tanh"], "ordered": false}}, {"class_name": "Choice", "config": {"name": "optimizer", "default": "sgd", "conditions": [], "values": ["sgd", "rmsprop", "adam"], "ordered": false}}], "values": {"units_l1": 16, "bias_l1": false, "act_l1": "relu", "units_l2": 16, "bias_l2": false, "act_l2": "relu", "units_l3": 16, "bias_l3": false, "act_l3": "relu", "optimizer": "sgd"}}, "seed": 7096, "seed_state": 7316, "tried_so_far": ["c0d2b5b14da2161448d2d2237188d84e", "22463b7b26b5fde0dfc2140d29b5908b", "88b0c30e3e9deb37ca8947353d36b446", "54d3e0a7c0e44d839feabcb2d2cf190e", "e805f29921d7d6fbdee5017989d555cf", "89bd9153e02fdec07ac2648fd68a7305", "c09fa52aa6cd53abd367604f861f57aa", "b007d96f22439910c84ccfbb07dda1d1", "02d5bf16b0c89ee385c5d0294fc57ae6", "52c259cc5e6a9369111132ae6150d111", "73c758cfeef7e98e5d3327310669a290", "40063c471298977c49fa3a63e7333cbf", "ceac40732a824e6cc4324f1be4a8be3d", "43a6a2e3ecb46f114e5bf3b099a91e7c", "af25bead203c67da2cd331013ef516bf", "96a864f9a8bba5e176e60242b4566fa4", "7c0a0dc8745efb40f686e0c70702b171", "8e1bd45e2600a4a8576ce8a48c435b82", "8af91f2f06aac931eb3cfff87bca3c1b", "f0a40d8d3deb423c74b2e98b0ca5e859", "427e104303af10596f556d1b081be841", "fb3e4947e823d4d0ffb2d4916858807e"], "hyperband_iterations": 1, "max_epochs": 10, "min_epochs": 1, "factor": 3, "brackets": [{"bracket_num": 0, "rounds": [[{"past_id": null, "id": "0026"}, {"past_id": null, "id": "0027"}, {"past_id": null, "id": "0028"}, {"past_id": null, "id": "0029"}]]}], "current_bracket": 0, "current_iteration": 0}