{"trial_id": "0029", "hyperparameters": {"space": [{"class_name": "Int", "config": {"name": "units_l1", "default": null, "conditions": [], "min_value": 16, "max_value": 512, "step": 16, "sampling": null}}, {"class_name": "Boolean", "config": {"name": "bias_l1", "default": false, "conditions": []}}, {"class_name": "Choice", "config": {"name": "act_l1", "default": "relu", "conditions": [], "values": ["relu", "tanh"], "ordered": false}}, {"class_name": "Int", "config": {"name": "units_l2", "default": null, "conditions": [], "min_value": 16, "max_value": 512, "step": 16, "sampling": null}}, {"class_name": "Boolean", "config": {"name": "bias_l2", "default": false, "conditions": []}}, {"class_name": "Choice", "config": {"name": "act_l2", "default": "relu", "conditions": [], "values": ["relu", "tanh"], "ordered": false}}, {"class_name": "Int", "config": {"name": "units_l3", "default": null, "conditions": [], "min_value": 16, "max_value": 512, "step": 16, "sampling": null}}, {"class_name": "Boolean", "config": {"name": "bias_l3", "default": false, "conditions": []}}, {"class_name": "Choice", "config": {"name": "act_l3", "default": "relu", "conditions": [], "values": ["relu", "tanh"], "ordered": false}}, {"class_name": "Choice", "config": {"name": "optimizer", "default": "sgd", "conditions": [], "values": ["sgd", "rmsprop", "adam"], "ordered": false}}], "values": {"units_l1": 64, "bias_l1": true, "act_l1": "relu", "units_l2": 480, "bias_l2": true, "act_l2": "relu", "units_l3": 32, "bias_l3": true, "act_l3": "relu", "optimizer": "sgd", "tuner/epochs": 10, "tuner/initial_epoch": 0, "tuner/bracket": 0, "tuner/round": 0}}, "metrics": {"metrics": {"loss": {"direction": "min", "observations": [{"value": [7.366777420043945], "step": 5}]}, "mean_squared_error": {"direction": "min", "observations": [{"value": [7.366777420043945], "step": 5}]}, "val_loss": {"direction": "min", "observations": [{"value": [7.643059730529785], "step": 5}]}, "val_mean_squared_error": {"direction": "min", "observations": [{"value": [7.643059730529785], "step": 5}]}}}, "score": 7.643059730529785, "best_step": 5, "status": "COMPLETED"}